route	resource_category	handler_source	handler_symbol	dao_source	dao_symbol	test_file	test_symbol
/api/v1/tenants/{tenant_id}/accounts/{id}	tenant_resource	crates/keycompute-server/src/handlers/tenant_providers.rs	get_account	crates/keycompute-db/src/models/account_scope.rs	find_in_tenant	crates/integration-tests/tests/e2e_scoped_provider_management.rs	account_reads_are_scoped_and_list_count_filters_match
/api/v1/tenants/{tenant_id}/keys/{id}	user_owned_resource	crates/keycompute-server/src/handlers/tenant_keys.rs	get_tenant_key	crates/keycompute-db/src/models/api_key_scope.rs	find_in_tenant	crates/integration-tests/tests/e2e_scoped_keys.rs	key_queries_bind_tenant_owner_and_current_actor_without_secret_projection
/api/v1/tenants/{tenant_id}/pricing/{id}	tenant_resource	crates/keycompute-server/src/handlers/tenant_pricing.rs	detail	crates/keycompute-db/src/models/pricing_model.rs	find_in_tenant_by_id	crates/integration-tests/tests/e2e_scoped_pricing_management.rs	tenant_pricing_reads_bind_current_admin_and_tenant
/api/v1/tenants/{tenant_id}/payments/orders/{id}	tenant_resource	crates/keycompute-server/src/handlers/tenant_reporting.rs	get_payment	crates/keycompute-db/src/models/payment_order_scope.rs	find_in_tenant	crates/integration-tests/tests/e2e_scoped_payment.rs	tenant_admin_cannot_read_other_members_or_foreign_payment_orders_through_personal_urls
/api/v1/tenants/{tenant_id}/nodes/{id}	tenant_resource	crates/keycompute-server/src/handlers/tenant_nodes.rs	tenant_node	crates/keycompute-db/src/models/node_control.rs	NodeControlScope	crates/integration-tests/tests/e2e_tenant_node_control.rs	metadata_lists_details_counts_and_personal_views_are_tenant_bound
/api/v1/tenants/{tenant_id}/usage/{id}	tenant_resource	crates/keycompute-server/src/handlers/tenant_reporting.rs	get_usage	crates/keycompute-db/src/models/usage_log.rs	find_by_request_id_in_scope	crates/integration-tests/tests/e2e_scoped_usage.rs	detail_list_count_and_stats_keep_personal_and_tenant_scopes_separate
/api/v1/tenants/{tenant_id}/distribution/records/{id}	tenant_resource	crates/keycompute-server/src/handlers/tenant_distribution.rs	tenant_record	crates/keycompute-db/src/models/distribution_record.rs	find_by_tenant	crates/integration-tests/tests/e2e_scoped_distribution_reads.rs	tenant_personal_and_platform_lists_counts_totals_share_exact_scope
/api/v1/me/distribution/records/{id}	user_owned_resource	crates/keycompute-server/src/handlers/tenant_distribution.rs	my_record	crates/keycompute-db/src/models/distribution_record.rs	find_by_beneficiary	crates/integration-tests/tests/e2e_scoped_distribution_reads.rs	personal_earnings_cached_overviews_and_referral_amounts_do_not_cross_tenants
/api/v1/platform/pricing/{id}	platform_resource_or_explicit_tenant_target	crates/keycompute-server/src/handlers/tenant_pricing.rs	detail	crates/keycompute-db/src/models/pricing_model.rs	find_platform_by_id	crates/integration-tests/tests/e2e_scoped_pricing_management.rs	platform_price_reads_use_real_global_authority_without_tenant_role_inheritance
/api/v1/platform/tenants/{tenant_id}/nodes/{id}	platform_resource_or_explicit_tenant_target	crates/keycompute-server/src/handlers/tenant_nodes.rs	platform_node	crates/keycompute-db/src/models/node_control.rs	NodeControlScope	crates/integration-tests/tests/e2e_tenant_node_control.rs	platform_operator_actions_are_allowlisted_and_bare_handlers_enforce_authority
/api/v1/platform/users/{id}	platform_resource	crates/keycompute-server/src/handlers/admin_user.rs	get_user_by_id	crates/keycompute-db/src/models/user_scope.rs	find_platform	crates/integration-tests/tests/e2e_platform_identity.rs	canonical_root_identity_reads_are_current_scoped_and_never_load_credential_secrets
