path	symbol	test_file	test_symbol
crates/keycompute-pricing/src/lib.rs	cache_key	crates/integration-tests/tests/e2e_cache_pricing.rs	test_pricing_cache_tenant_isolation
crates/node-gateway/src/redis.rs	model_queue_key	crates/node-gateway/src/redis/tests.rs	redis_isolation_both_blocking_pools_leave_rate_limits_and_producers_live
crates/keycompute-db/src/models/node_task.rs	claim	crates/integration-tests/tests/e2e_tenant_node_control.rs	queued_task_commands_preserve_scope_and_archive_instead_of_erasing_evidence
crates/keycompute-server/src/handlers/responses/state.rs	affinity_cache_key_for_user	crates/integration-tests/tests/e2e_scoped_response_resources.rs	replay_connections_compare_live_user_tenant_and_membership_versions
crates/keycompute-ratelimit/src/redis.rs	build_rpm_key	crates/integration-tests/tests/e2e_redis_ratelimit.rs	test_multi_tenant_isolation
crates/keycompute-server/src/handlers/distribution.rs	distribution-overview-tenant-v2	crates/integration-tests/tests/e2e_scoped_distribution_reads.rs	personal_earnings_cached_overviews_and_referral_amounts_do_not_cross_tenants
crates/keycompute-server/src/handlers/user.rs	list_my_api_keys	crates/integration-tests/tests/e2e_scoped_keys.rs	key_queries_bind_tenant_owner_and_current_actor_without_secret_projection
crates/keycompute-billing/src/usage_log.rs	process_tips_if_configured	crates/integration-tests/tests/e2e_scoped_distribution_reads.rs	personal_earnings_cached_overviews_and_referral_amounts_do_not_cross_tenants
crates/keycompute-db/src/models/user_balance_reservation_admin.rs	find_breakdown_page_in_scope	crates/integration-tests/tests/e2e_manual_balance_scope.rs	reservation_display_is_one_read_only_scoped_snapshot_without_reclamation
crates/keycompute-db/src/models/user_balance_admin.rs	apply_admin_manual_operation	crates/integration-tests/tests/e2e_manual_balance_scope.rs	manual_wallet_commands_require_current_root_and_matching_console_actor
crates/keycompute-server/src/main.rs	spawn_balance_reservation_sweeper	crates/integration-tests/tests/e2e_manual_balance_scope.rs	tenant_recovery_is_expired_only_and_stays_with_the_original_owner
crates/keycompute-server/src/main.rs	spawn_node_gateway_sweeper	crates/integration-tests/tests/e2e_node_gateway.rs	test_sweeper_converges_redis_queue_entries
